Név,Irányítószám,Életkor,E-mail cím,TAJ szám
Melinda Cheater,,51,mcheater0@g.co,
Catlaina Hillin,,16,chillin1@hibu.com,
Caressa Pinchin,,79,cpinchin2@devhub.com,
Jenda Aven,,87,javen3@clickbank.net,
Brenda Drieu,,30,bdrieu4@dropbox.com,
Clarita Scrivinor,,18,cscrivinor5@zimbio.com,
Ray Bools,,40,rbools6@un.org,
Darell Gabbott,,72,dgabbott7@yellowpages.com,
Yasmin Vaughan-Hughes,,56,yvaughanhughes8@dmoz.org,
Boot Bridgland,,70,bbridgland9@bloomberg.com,
Brianna Feavyour,,12,bfeavyoura@cocolog-nifty.com,
Tori Pymer,,28,tpymerb@vinaora.com,
Mitchel Thickin,,49,mthickinc@nature.com,
Alford Cavaney,,87,acavaneyd@patch.com,
Angelico Piscopello,,90,apiscopelloe@abc.net.au,
Nanice Pandey,,72,npandeyf@myspace.com,
Nance Kochs,,23,nkochsg@last.fm,
Erin Gallo,,95,egalloh@ovh.net,
Aland Balke,,79,abalkei@msn.com,
Tom Hollyard,,40,thollyardj@liveinternet.ru,
Katleen Oertzen,,51,koertzenk@loc.gov,
Freda Joule,,36,fjoulel@bluehost.com,
Lanny Cisar,,53,lcisarm@meetup.com,
Marinna Leare,,34,mlearen@webmd.com,
Cobb Volette,,78,cvoletteo@nydailynews.com,
Russ Mayzes,,74,rmayzesp@globo.com,
Minne Silversmidt,,78,msilversmidtq@nature.com,
Guendolen Bennetts,,94,gbennettsr@marketwatch.com,
Dom Milch,,62,dmilchs@fc2.com,
Pepillo Gilfoyle,,55,pgilfoylet@trellian.com,
Allsun Wilstead,,74,awilsteadu@geocities.com,
Lidia Mallia,,25,lmalliav@hexun.com,
Eleanor Tuckwell,,56,etuckwellw@odnoklassniki.ru,
Becky Dolder,,62,bdolderx@livejournal.com,
Ardelle Bricknell,,91,abricknelly@salon.com,
Danna Maudling,,32,dmaudlingz@ucsd.edu,
Phelia Noye,,90,pnoye10@answers.com,
Debee Fortnam,,38,dfortnam11@facebook.com,
Raviv Bastable,,27,rbastable12@chronoengine.com,
Giordano MacArdle,,28,gmacardle13@blogger.com,
Lorianna Bootton,,30,lbootton14@va.gov,
Matilda Retchford,,51,mretchford15@guardian.co.uk,
Brod Kovalski,,77,bkovalski16@bizjournals.com,
Hy Clinton,,29,hclinton17@ning.com,
Cordie Demange,,44,cdemange18@alexa.com,
Ikey Palphreyman,,52,ipalphreyman19@techcrunch.com,
Christal Supple,,24,csupple1a@blog.com,
Yuri Kobus,,14,ykobus1b@tmall.com,
Aluin Hulstrom,,20,ahulstrom1c@squidoo.com,
Milo Mace,,96,mmace1d@bigcartel.com,
Ruthann Udy,,100,rudy1e@auda.org.au,
Rhetta Sollas,,75,rsollas1f@amazonaws.com,
Calida Bettaney,,40,cbettaney1g@networkadvertising.org,
Ginelle Thorpe,,23,gthorpe1h@w3.org,
Diane-marie Purdie,,55,dpurdie1i@stanford.edu,
Otto Balcon,,67,obalcon1j@gov.uk,
Reena Paish,,46,rpaish1k@nbcnews.com,
Merola Klimontovich,,65,mklimontovich1l@berkeley.edu,
Becky Melburg,,88,bmelburg1m@hibu.com,
Park Stanney,,67,pstanney1n@lulu.com,
Ginny Hovey,,60,ghovey1o@xinhuanet.com,
Lamond Swinglehurst,,15,lswinglehurst1p@ucsd.edu,
Reuben Iannitti,,55,riannitti1q@nydailynews.com,
Odette Coppins,,31,ocoppins1r@pinterest.com,
Lennie Healeas,,58,lhealeas1s@slashdot.org,
Schuyler Stollen,,12,sstollen1t@constantcontact.com,
Minor Wetherburn,,90,mwetherburn1u@omniture.com,
Jo ann Pinckney,,94,jann1v@slideshare.net,
Bernete Gammade,,26,bgammade1w@tamu.edu,
Emanuel Lyness,,56,elyness1x@cisco.com,
Jayne Thomason,,16,jthomason1y@accuweather.com,
Zelda Feldberg,,43,zfeldberg1z@cnet.com,
Maudie Dillingstone,,67,mdillingstone20@scientificamerican.com,
Efren Harker,,45,eharker21@ow.ly,
Baryram Alderson,,70,balderson22@rakuten.co.jp,
Alfredo Naul,,66,anaul23@google.com,
Fancy Fulun,,19,ffulun24@mit.edu,
Ralph Paulillo,,95,rpaulillo25@woothemes.com,
Emmalee Yurivtsev,,36,eyurivtsev26@census.gov,
Daphne Paoletti,,83,dpaoletti27@ycombinator.com,
Ermina Piatek,,69,epiatek28@hc360.com,
Anatollo De Carlo,,98,ade29@joomla.org,
Vera Eberle,,61,veberle2a@cdbaby.com,
Derron Wrightem,,96,dwrightem2b@csmonitor.com,
Garrot McIan,,35,gmcian2c@ebay.com,
Dolph Sandal,,62,dsandal2d@webmd.com,
Marshall Kirkam,,22,mkirkam2e@tinypic.com,
Case Twelvetree,,96,ctwelvetree2f@angelfire.com,
Birgit Girardin,,94,bgirardin2g@tuttocitta.it,
Ewan Coleson,,19,ecoleson2h@t-online.de,
Merell Di Domenico,,76,mdi2i@statcounter.com,
Thalia Veracruysse,,36,tveracruysse2j@google.com.hk,
Petronilla Salleir,,20,psalleir2k@cargocollective.com,
Ronalda Lake,,100,rlake2l@google.com.au,
Vaughan Rodway,,38,vrodway2m@barnesandnoble.com,
Anna Duthy,,77,aduthy2n@sourceforge.net,
Noll Jillett,,57,njillett2o@china.com.cn,
Tracee Belin,,93,tbelin2p@netvibes.com,
Caril Bould,,28,cbould2q@loc.gov,
Janine Tasch,,83,jtasch2r@shareasale.com,
Patsy Arnott,,24,parnott2s@sbwire.com,
Yancey Gregorace,,70,ygregorace2t@dedecms.com,
Thacher Haythorn,,63,thaythorn2u@msu.edu,
Pooh Lohan,,35,plohan2v@prlog.org,
Libbi Cuolahan,,44,lcuolahan2w@examiner.com,
Malvina de Wilde,,21,mde2x@blogs.com,
Cynde Tomas,,94,ctomas2y@xrea.com,
Jeffy Hollyard,,66,jhollyard2z@boston.com,
Vasili Lidgley,,77,vlidgley30@ft.com,
Kalli Cotterell,,70,kcotterell31@upenn.edu,
Reider Klulisek,,30,rklulisek32@homestead.com,
Ingeberg Cinderey,,18,icinderey33@state.gov,
Tomasine Capes,,92,tcapes34@pbs.org,
Alicea Limon,,72,alimon35@unblog.fr,
Josephina Akenhead,,13,jakenhead36@china.com.cn,
Arnuad Deneve,,67,adeneve37@army.mil,
Enrika Minor,,42,eminor38@acquirethisname.com,
Mendie Chapiro,,22,mchapiro39@disqus.com,
Zollie Riddiford,,33,zriddiford3a@eepurl.com,
Bealle Ricket,,53,bricket3b@un.org,
Germaine Crowcroft,,96,gcrowcroft3c@webs.com,
Bliss Luten,,22,bluten3d@gov.uk,
Paddy Maciunas,,55,pmaciunas3e@google.pl,
Vin Roulston,,40,vroulston3f@sciencedirect.com,
Shantee Sandbatch,,88,ssandbatch3g@mlb.com,
Chastity Scarasbrick,,47,cscarasbrick3h@stumbleupon.com,
Carlen Phillipps,,89,cphillipps3i@pcworld.com,
Leilah Wellings,,61,lwellings3j@berkeley.edu,
Sharai Visco,,48,svisco3k@amazon.com,
Wilhelm Kegan,,98,wkegan3l@slate.com,
Daniele Medlen,,18,dmedlen3m@prweb.com,
Dori Foxon,,80,dfoxon3n@wiley.com,
Tim Bredbury,,28,tbredbury3o@de.vu,
Waneta Crier,,78,wcrier3p@photobucket.com,
Fleur Roly,,70,froly3q@arstechnica.com,
Maudie Plank,,75,mplank3r@stanford.edu,
Randi Yerrill,,80,ryerrill3s@shareasale.com,
Jania Gillean,,98,jgillean3t@opensource.org,
Warde Murphey,,16,wmurphey3u@domainmarket.com,
Gay Maeer,,85,gmaeer3v@shareasale.com,
Mikaela Bucktharp,,45,mbucktharp3w@usnews.com,
Torr Truckett,,66,ttruckett3x@goo.ne.jp,
Cordi Petrushanko,,33,cpetrushanko3y@macromedia.com,
Conny Posten,,31,cposten3z@vimeo.com,
Adela Garraway,,43,agarraway40@mail.ru,
Phineas Desouza,,71,pdesouza41@mapy.cz,
Maxim Jaffrey,,28,mjaffrey42@typepad.com,
Maurizio Coultish,,15,mcoultish43@mozilla.org,
Richie Colly,,91,rcolly44@google.com.au,
Mirabelle Jillions,,76,mjillions45@squidoo.com,
Esme Bruckman,,47,ebruckman46@nymag.com,
Janith Denyukhin,,42,jdenyukhin47@slideshare.net,
Gusella Byford,,79,gbyford48@vimeo.com,
Sonia Tanzer,,41,stanzer49@usnews.com,
Mattie Cumo,,26,mcumo4a@dmoz.org,
Ike Swinfen,,94,iswinfen4b@gnu.org,
Pascale Stenner,,93,pstenner4c@dot.gov,
Lexie Shimoni,,84,lshimoni4d@photobucket.com,
Jamison Deesly,,49,jdeesly4e@cmu.edu,
Audry Connell,,15,aconnell4f@liveinternet.ru,
Percival Donegan,,86,pdonegan4g@statcounter.com,
Sherwin Crosher,,53,scrosher4h@springer.com,
Thorstein Adds,,35,tadds4i@ebay.com,
Tiebold O'Grogane,,18,togrogane4j@sphinn.com,
Perice Jackson,,22,pjackson4k@foxnews.com,
Selle Birkinshaw,,59,sbirkinshaw4l@mysql.com,
Merilyn Barczewski,,93,mbarczewski4m@taobao.com,
Jozef Pavolillo,,45,jpavolillo4n@nsw.gov.au,
Goldina Bussel,,52,gbussel4o@prlog.org,
Fremont Calway,,54,fcalway4p@zimbio.com,
Herb Alexandrescu,,23,halexandrescu4q@huffingtonpost.com,
Nara Matthessen,,39,nmatthessen4r@edublogs.org,
Alwyn Scutter,,40,ascutter4s@addthis.com,
Corabella Tracey,,45,ctracey4t@yale.edu,
Fabien Clemendet,,55,fclemendet4u@guardian.co.uk,
Darrick Chatres,,39,dchatres4v@mapy.cz,
Orin Kibbel,,31,okibbel4w@time.com,
Arny Tindley,,87,atindley4x@infoseek.co.jp,
Doyle Chinnock,,63,dchinnock4y@comsenz.com,
Carline Sells,,29,csells4z@aboutads.info,
Papageno Kezor,,81,pkezor50@state.gov,
Brice Snedker,,33,bsnedker51@slate.com,
Tybi Jaslem,,34,tjaslem52@domainmarket.com,
Boy Clewer,,17,bclewer53@mac.com,
Sherm Hanselman,,63,shanselman54@pinterest.com,
Kirstyn Coverdale,,96,kcoverdale55@so-net.ne.jp,
Shelbi Balazot,,47,sbalazot56@usatoday.com,
Raf Izacenko,,34,rizacenko57@oaic.gov.au,
Cissiee Stacy,,44,cstacy58@state.tx.us,
Goddart Pinsent,,51,gpinsent59@washington.edu,
Amalea Rushford,,13,arushford5a@google.es,
Linoel Vineall,,29,lvineall5b@unicef.org,
Orly Mitford,,55,omitford5c@studiopress.com,
Ruggiero Attwoull,,47,rattwoull5d@qq.com,
Demetris Wooler,,94,dwooler5e@ihg.com,
Jareb Callam,,76,jcallam5f@instagram.com,
Deeyn Liffey,,54,dliffey5g@qq.com,
Doralynn Halm,,92,dhalm5h@arstechnica.com,
Ermin Roddy,,36,eroddy5i@salon.com,
Amalita MacGuffie,,13,amacguffie5j@issuu.com,
Hoyt Espy,,70,hespy5k@umn.edu,
Jacky O' Mullane,,13,jo5l@meetup.com,
Izaak Townes,,28,itownes5m@xrea.com,
Amanda Alder,,50,aalder5n@census.gov,
Rodd Dewbury,,45,rdewbury5o@topsy.com,
Fay Bucklan,,56,fbucklan5p@fotki.com,
Callie Betton,,60,cbetton5q@nationalgeographic.com,
Jules Managh,,95,jmanagh5r@simplemachines.org,
Juliane Yitzhak,,61,jyitzhak5s@shareasale.com,
Deirdre Kellie,,42,dkellie5t@dyndns.org,
Kipp Barmadier,,73,kbarmadier5u@sun.com,
Wallis Nordass,,30,wnordass5v@reference.com,
Fionna Kenwright,,11,fkenwright5w@ebay.co.uk,
Dulci Jewster,,98,djewster5x@bbb.org,
Kalil Rohlfs,,18,krohlfs5y@cornell.edu,
Caron Shead,,93,cshead5z@youku.com,
Herb Collaton,,43,hcollaton60@princeton.edu,
Roxane Heppenspall,,73,rheppenspall61@weebly.com,
Kesley Crellin,,31,kcrellin62@wp.com,
Estelle Lente,,41,elente63@chicagotribune.com,
Adelina Carreyette,,71,acarreyette64@cdc.gov,
Cale Scripps,,89,cscripps65@free.fr,
Juliette Petrolli,,33,jpetrolli66@amazon.co.jp,
Hanny Izzett,,81,hizzett67@uiuc.edu,
Sonia Rosario,,96,srosario68@phoca.cz,
Vaclav Guwer,,88,vguwer69@bing.com,
Taffy Bristow,,74,tbristow6a@google.com,
Cristine Tidswell,,91,ctidswell6b@vimeo.com,
Boycey Cutler,,40,bcutler6c@blogspot.com,
Mace Bullus,,27,mbullus6d@jugem.jp,
Guendolen Beevis,,83,gbeevis6e@cornell.edu,
Trixy Benez,,29,tbenez6f@disqus.com,
Auroora Pol,,91,apol6g@businesswire.com,
Mathilde Beetlestone,,74,mbeetlestone6h@bizjournals.com,
Eleanore Becken,,80,ebecken6i@npr.org,
Fidelio Grimsley,,86,fgrimsley6j@dyndns.org,
Althea Kaes,,89,akaes6k@hugedomains.com,
Barby Vales,,68,bvales6l@china.com.cn,
Yvette Grelik,,32,ygrelik6m@rakuten.co.jp,
Glad Dronsfield,,20,gdronsfield6n@reverbnation.com,
Dionysus Adess,,94,dadess6o@yandex.ru,
Claribel Wolstenholme,,37,cwolstenholme6p@google.com.au,
Montgomery Milkeham,,23,mmilkeham6q@webnode.com,
Kevina Andrysek,,28,kandrysek6r@tripod.com,
Thomasine Olliffe,,70,tolliffe6s@cargocollective.com,
Glyn Sollars,,23,gsollars6t@gov.uk,
Freedman Quartly,,20,fquartly6u@webeden.co.uk,
Bernadene Coyne,,56,bcoyne6v@technorati.com,
Walsh Checchetelli,,34,wchecchetelli6w@joomla.org,
Marylynne Whilde,,42,mwhilde6x@sciencedaily.com,
Geno Pybworth,,40,gpybworth6y@google.co.uk,
Jacob Smith,,80,jsmith6z@wordpress.org,
Roldan Alleburton,,42,ralleburton70@umn.edu,
Tabby Darth,,11,tdarth71@rambler.ru,
Edward Corp,,67,ecorp72@delicious.com,
Bert Tansly,,35,btansly73@storify.com,
Freddy Deegin,,36,fdeegin74@usnews.com,
Rhianna Simoes,,16,rsimoes75@timesonline.co.uk,
Vincent Simonini,,33,vsimonini76@wikia.com,
Monah Arger,,11,marger77@networksolutions.com,
Hyacinth Mirando,,94,hmirando78@umn.edu,
Anna-maria Stonbridge,,48,astonbridge79@google.fr,
Arther Baus,,51,abaus7a@rakuten.co.jp,
Lenora De Bruin,,61,lde7b@goodreads.com,
Vyky Chstney,,73,vchstney7c@blogger.com,
Ami Symers,,19,asymers7d@aboutads.info,
Weston Tiddy,,28,wtiddy7e@devhub.com,
Valentine Kruszelnicki,,96,vkruszelnicki7f@europa.eu,
Fergus Louisot,,82,flouisot7g@umn.edu,
Raimundo Yitzowitz,,13,ryitzowitz7h@mac.com,
Hyacinthe Hanton,,98,hhanton7i@livejournal.com,
Dora Christensen,,45,dchristensen7j@amazon.co.jp,
Barris Asple,,90,basple7k@yahoo.com,
Temple Siverns,,48,tsiverns7l@gmpg.org,
Dody Thompson,,35,dthompson7m@scribd.com,
Ardith Durand,,19,adurand7n@va.gov,
Kevina Perrone,,54,kperrone7o@army.mil,
Alvis Wallsam,,40,awallsam7p@economist.com,
Ernst Vyel,,28,evyel7q@blinklist.com,
Lorant Pagden,,15,lpagden7r@mashable.com,
Wilhelm Klos,,64,wklos7s@redcross.org,
Cheslie Skull,,80,cskull7t@yelp.com,
Vassili Balsom,,11,vbalsom7u@meetup.com,
Britta Urlin,,69,burlin7v@last.fm,
Issiah Stables,,88,istables7w@twitter.com,
Hugues Malkinson,,60,hmalkinson7x@slate.com,
Arturo Chateau,,61,achateau7y@earthlink.net,
Nariko Backsal,,100,nbacksal7z@soundcloud.com,
Loralie Skones,,35,lskones80@wikia.com,
Lura Soldner,,23,lsoldner81@usatoday.com,
Linc Sotworth,,60,lsotworth82@instagram.com,
Stephen Purrier,,53,spurrier83@netvibes.com,
Creigh Mylechreest,,69,cmylechreest84@engadget.com,
George Gonzalez,,15,ggonzalez85@intel.com,
Sonnnie Tincknell,,87,stincknell86@si.edu,
Eleni Twinning,,72,etwinning87@canalblog.com,
Arabela Reuble,,48,areuble88@com.com,
Findley Cropper,,66,fcropper89@networkadvertising.org,
Stanislas Luety,,15,sluety8a@intel.com,
Mitchel Sidnall,,57,msidnall8b@plala.or.jp,
Gregoire Dresche,,32,gdresche8c@tripod.com,
Dyanne Favela,,88,dfavela8d@samsung.com,
Sybille Seyffert,,81,sseyffert8e@walmart.com,
Mattheus Riolfi,,50,mriolfi8f@latimes.com,
Dulcinea Butler-Bowdon,,52,dbutlerbowdon8g@fc2.com,
Mohandas Epinoy,,48,mepinoy8h@vk.com,
Rosalynd McNern,,72,rmcnern8i@slashdot.org,
Delphinia Husher,,21,dhusher8j@harvard.edu,
Silvanus Stelfox,,61,sstelfox8k@deviantart.com,
Carina McAmish,,78,cmcamish8l@eventbrite.com,
Ami Wixey,,79,awixey8m@hud.gov,
Terencio Colhoun,,70,tcolhoun8n@pbs.org,
Harlan Plowright,,83,hplowright8o@fotki.com,
Fonz Axcell,,39,faxcell8p@sphinn.com,
Thadeus Essex,,69,tessex8q@narod.ru,
Joell Habron,,51,jhabron8r@apple.com,
Sharity Kareman,,49,skareman8s@tripod.com,
Neddie Kilalea,,39,nkilalea8t@sogou.com,
Goldina Digance,,47,gdigance8u@simplemachines.org,
Catriona Trevithick,,43,ctrevithick8v@usda.gov,
Kippar Plumm,,63,kplumm8w@blogtalkradio.com,
Maximilianus Gulliver,,21,mgulliver8x@ft.com,
Ham Gatheral,,49,hgatheral8y@t-online.de,
Bordy Thackham,,14,bthackham8z@last.fm,
Helenka Mariaud,,95,hmariaud90@fotki.com,
Orin Grim,,100,ogrim91@flickr.com,
Faun Room,,59,froom92@imageshack.us,
Janeva Jupe,,66,jjupe93@1688.com,
Arnold McCaster,,59,amccaster94@jalbum.net,
Teddi Ommanney,,51,tommanney95@macromedia.com,
Yancey Ellerby,,69,yellerby96@mit.edu,
Annelise Myerscough,,64,amyerscough97@instagram.com,
Carny Wong,,34,cwong98@studiopress.com,
Basilio Lottrington,,46,blottrington99@360.cn,
Lena Farnorth,,78,lfarnorth9a@friendfeed.com,
Fleming Brumwell,,78,fbrumwell9b@artisteer.com,
Shelton Boshere,,38,sboshere9c@google.co.jp,
Peggie Crady,,82,pcrady9d@soundcloud.com,
Janot Dibble,,96,jdibble9e@abc.net.au,
Mara Debow,,46,mdebow9f@taobao.com,
Stormie Cockling,,37,scockling9g@issuu.com,
Junie Christofor,,17,jchristofor9h@wikimedia.org,
Gawen De Gregario,,17,gde9i@irs.gov,
Odelle Ratledge,,25,oratledge9j@dion.ne.jp,
Skipper Scotland,,15,sscotland9k@senate.gov,
Estell Paul,,74,epaul9l@illinois.edu,
Chloe Dennant,,65,cdennant9m@youku.com,
Lindsay Dungey,,79,ldungey9n@printfriendly.com,
Glynnis Hearson,,42,ghearson9o@topsy.com,
Dorelia Hacquel,,22,dhacquel9p@bravesites.com,
Ermengarde Huton,,48,ehuton9q@kickstarter.com,
Grantley Giller,,70,ggiller9r@uol.com.br,
Mohandas Edgeller,,73,medgeller9s@wunderground.com,
Wandie Thaim,,55,wthaim9t@weibo.com,
Francklyn de Najera,,42,fde9u@dot.gov,
Erina Lanktree,,57,elanktree9v@whitehouse.gov,
Minta Bosence,,90,mbosence9w@paypal.com,
Edeline Klauer,,45,eklauer9x@japanpost.jp,
Alexis Yegoshin,,57,ayegoshin9y@mac.com,
Sacha Zucker,,41,szucker9z@desdev.cn,
Tina Trosdall,,94,ttrosdalla0@phoca.cz,
Lamont Sells,,45,lsellsa1@wunderground.com,
Geoffrey Sokill,,17,gsokilla2@google.pl,
Eugenia Ashness,,86,eashnessa3@msn.com,
Moshe Brandin,,14,mbrandina4@amazon.de,
Cyndi Capstake,,33,ccapstakea5@sciencedaily.com,
Linet Sorel,,58,lsorela6@nhs.uk,
Zea Graalman,,37,zgraalmana7@google.nl,
Idette Kildea,,37,ikildeaa8@twitpic.com,
Raffaello McCulley,,56,rmcculleya9@uol.com.br,
Roanne Twyford,,56,rtwyfordaa@barnesandnoble.com,
Corella Govey,,29,cgoveyab@soup.io,
Ferdinande Bauman,,87,fbaumanac@globo.com,
Kermy Eames,,82,keamesad@dell.com,
Audrye Bromby,,66,abrombyae@businessinsider.com,
Hildagard Aldrich,,57,haldrichaf@free.fr,
Alick Maus,,49,amausag@eepurl.com,
Mark Gulk,,65,mgulkah@umich.edu,
Yorgo Tape,,97,ytapeai@about.me,
Tildi Eland,,58,telandaj@pagesperso-orange.fr,
Ronda Wynrahame,,55,rwynrahameak@booking.com,
Shelden Vella,,71,svellaal@msu.edu,
Domingo Jorn,,92,djornam@shutterfly.com,
Yoko Vequaud,,84,yvequaudan@bloglovin.com,
Gael Zelland,,90,gzellandao@forbes.com,
Sebastiano Bodker,,90,sbodkerap@time.com,
Hurleigh Crinion,,79,hcrinionaq@vimeo.com,
Gracie Antoniottii,,14,gantoniottiiar@usgs.gov,
Stacia Izon,,61,sizonas@dailymail.co.uk,
Tanney Peabody,,34,tpeabodyat@hatena.ne.jp,
Melanie Franzen,,21,mfranzenau@go.com,
Boigie Burkitt,,76,bburkittav@blogs.com,
Lev McHardy,,82,lmchardyaw@liveinternet.ru,
Kiley Matusiak,,41,kmatusiakax@goo.gl,
Iolande Mardling,,86,imardlingay@dailymail.co.uk,
Zane McElvogue,,18,zmcelvogueaz@nymag.com,
Codi Binne,,30,cbinneb0@netlog.com,
Hermie Burdekin,,83,hburdekinb1@techcrunch.com,
Amery Mc Faul,,78,amcb2@latimes.com,
Mitch Burnhard,,85,mburnhardb3@kickstarter.com,
Tatum Beardon,,57,tbeardonb4@people.com.cn,
Wenonah Dugood,,22,wdugoodb5@hp.com,
Nevin Bath,,61,nbathb6@google.com.hk,
Elladine McShee,,42,emcsheeb7@walmart.com,
Lydie Awty,,85,lawtyb8@cbslocal.com,
Misti Getley,,12,mgetleyb9@netscape.com,
Morten Midgely,,78,mmidgelyba@mozilla.com,
Katerina Dansey,,54,kdanseybb@technorati.com,
Travus Dunsire,,54,tdunsirebc@mlb.com,
Patric Gwyllt,,19,pgwylltbd@mediafire.com,
Alonzo Ewells,,48,aewellsbe@wix.com,
Cherin Selley,,71,cselleybf@wikimedia.org,
Halimeda Dimbylow,,35,hdimbylowbg@wired.com,
Bibi Blayney,,15,bblayneybh@fc2.com,
Tallou Cleworth,,96,tcleworthbi@go.com,
Giustino Witt,,90,gwittbj@miibeian.gov.cn,
Sigismundo Saur,,18,ssaurbk@merriam-webster.com,
Jayson Tookey,,96,jtookeybl@sfgate.com,
Sybilla Pes,,90,spesbm@wix.com,
Kinna Ship,,83,kshipbn@devhub.com,
Casar Adlington,,97,cadlingtonbo@independent.co.uk,
Linzy Gibbin,,11,lgibbinbp@constantcontact.com,
Cletus Champerlen,,99,cchamperlenbq@house.gov,
Meta Mulrean,,49,mmulreanbr@go.com,
Nikki Bennedick,,23,nbennedickbs@exblog.jp,
Charmane Bouchier,,39,cbouchierbt@google.nl,
Maximo Roggers,,30,mroggersbu@microsoft.com,
Dietrich Djorevic,,90,ddjorevicbv@1und1.de,
Kaiser Murcutt,,16,kmurcuttbw@comsenz.com,
Allyn Cortin,,23,acortinbx@intel.com,
Wynny Guthrum,,67,wguthrumby@ifeng.com,
Sallyann Cramb,,77,scrambbz@goodreads.com,
Glennie Royl,,87,groylc0@cisco.com,
Kiele Gilardoni,,62,kgilardonic1@cnn.com,
Kaylee Fenkel,,48,kfenkelc2@cbslocal.com,
My London,,76,mlondonc3@twitpic.com,
Berny Torra,,99,btorrac4@adobe.com,
Daniel Puxley,,30,dpuxleyc5@smh.com.au,
Beverley Dullard,,74,bdullardc6@samsung.com,
Paquito Checcucci,,35,pcheccuccic7@wufoo.com,
Leonanie Gheerhaert,,45,lgheerhaertc8@lycos.com,
Idell Opdenorth,,24,iopdenorthc9@time.com,
Shelden Rudham,,82,srudhamca@posterous.com,
Floris Cuddehy,,56,fcuddehycb@odnoklassniki.ru,
Huntington Stickland,,25,hsticklandcc@google.co.uk,
Joseph Avesque,,75,javesquecd@themeforest.net,
Blinny Prati,,78,bpratice@live.com,
Fergus Garraway,,19,fgarrawaycf@google.ru,
Minni Wick,,64,mwickcg@earthlink.net,
Nils Baldacco,,27,nbaldaccoch@gizmodo.com,
Evvie Eirwin,,17,eeirwinci@edublogs.org,
Jeannie Haisell,,70,jhaisellcj@chronoengine.com,
Lothario Yakushkin,,17,lyakushkinck@unesco.org,
Mitchel O Mullen,,86,mocl@ycombinator.com,
Gabby Chatfield,,62,gchatfieldcm@privacy.gov.au,
Evie Newart,,96,enewartcn@cdc.gov,
Kassia Helder,,27,khelderco@cnbc.com,
Lorena Trinbey,,90,ltrinbeycp@goodreads.com,
Tamar Wandrich,,73,twandrichcq@sakura.ne.jp,
Verina Cloney,,82,vcloneycr@pinterest.com,
Tadd Dooland,,53,tdoolandcs@shareasale.com,
Annadiana O' Mullan,,31,aoct@behance.net,
Chaunce Kopp,,48,ckoppcu@tuttocitta.it,
Trixi Gilli,,51,tgillicv@alexa.com,
Romona Pawlyn,,85,rpawlyncw@squidoo.com,
Price Scotchford,,33,pscotchfordcx@japanpost.jp,
Esmaria Michiel,,99,emichielcy@last.fm,
Rickey Bissex,,41,rbissexcz@wikispaces.com,
Aurelia Spurdens,,57,aspurdensd0@sitemeter.com,
Rhetta Gotts,,90,rgottsd1@bigcartel.com,
Germain Littleproud,,14,glittleproudd2@weebly.com,
Rebekkah Eytel,,31,reyteld3@unblog.fr,
Gabbi Kirrens,,12,gkirrensd4@indiatimes.com,
Barbabra Lumbley,,34,blumbleyd5@123-reg.co.uk,
Brett Sudy,,47,bsudyd6@4shared.com,
Ansell Shipway,,68,ashipwayd7@admin.ch,
Carla Torald,,57,ctoraldd8@cdbaby.com,
Jameson Spaice,,86,jspaiced9@example.com,
Phillis Juschka,,18,pjuschkada@deliciousdays.com,
Leela Yeandel,,51,lyeandeldb@nbcnews.com,
Tess McKall,,82,tmckalldc@zdnet.com,
Marja Feldbaum,,73,mfeldbaumdd@sciencedaily.com,
Mendy Dowdeswell,,41,mdowdeswellde@51.la,
Denyse Jehaes,,21,djehaesdf@mail.ru,
Ivie Hindhaugh,,53,ihindhaughdg@histats.com,
Yance Heaps,,81,yheapsdh@mysql.com,
Rubia Wombwell,,79,rwombwelldi@washingtonpost.com,
Raye Tommeo,,97,rtommeodj@smh.com.au,
Gustaf Stening,,37,gsteningdk@narod.ru,
Alford Borles,,90,aborlesdl@netscape.com,
Ana Plank,,46,aplankdm@jiathis.com,
Felipa Cozby,,60,fcozbydn@chronoengine.com,
Harcourt Colson,,87,hcolsondo@people.com.cn,
Alexandrina Essery,,67,aesserydp@gov.uk,
Anderson Callingham,,77,acallinghamdq@yellowpages.com,
Morgan Rodolphe,,78,mrodolphedr@arstechnica.com,
Caitlin Trood,,100,ctroodds@wp.com,
Terrijo Muspratt,,100,tmusprattdt@bloomberg.com,
Nonie Thurske,,22,nthurskedu@ucla.edu,
Clemence Cobain,,75,ccobaindv@ihg.com,
Joyann Starsmeare,,67,jstarsmearedw@ebay.com,
Feliza Panner,,76,fpannerdx@naver.com,
Cathleen Braganca,,26,cbragancady@elpais.com,
Hallsy Nevinson,,87,hnevinsondz@fc2.com,
Paddy Goodbanne,,98,pgoodbannee0@is.gd,
Jodee Endle,,87,jendlee1@army.mil,
Pat Pregal,,91,ppregale2@yahoo.com,
Kristina Boeter,,32,kboetere3@github.io,
Laughton Janda,,28,ljandae4@hexun.com,
Rodge Clarabut,,60,rclarabute5@shareasale.com,
Sorcha Scottini,,23,sscottinie6@lycos.com,
Ninnetta Barfford,,32,nbarfforde7@hp.com,
Leigh Helian,,24,lheliane8@washington.edu,
Silvano Scardifield,,11,sscardifielde9@liveinternet.ru,
Bary Rispin,,82,brispinea@posterous.com,
Xenia Paybody,,64,xpaybodyeb@deviantart.com,
Ferd Kettoe,,58,fkettoeec@mozilla.com,
Euell Craine,,68,ecraineed@hhs.gov,
Lothario Greenley,,91,lgreenleyee@bizjournals.com,
Clarinda McManamon,,93,cmcmanamonef@sciencedirect.com,
Merrill Lotze,,63,mlotzeeg@diigo.com,
Sophie Deddum,,41,sdeddumeh@cnn.com,
Hans Bresson,,97,hbressonei@comcast.net,
Regine Walklett,,49,rwalklettej@timesonline.co.uk,
Dulcie Brigman,,65,dbrigmanek@amazon.co.uk,
Maggie Blow,,82,mblowel@boston.com,
Windy Cameli,,22,wcameliem@mapy.cz,
Hall Dawdary,,38,hdawdaryen@samsung.com,
Melitta Klampt,,56,mklampteo@japanpost.jp,
Udale Demer,,35,udemerep@oracle.com,
Beryle Goldsby,,87,bgoldsbyeq@angelfire.com,
Darren Massingham,,52,dmassinghamer@ocn.ne.jp,
Ives Aldie,,22,ialdiees@sciencedaily.com,
Raymond Windridge,,32,rwindridgeet@youtu.be,
Augustina Copley,,76,acopleyeu@eepurl.com,
Allegra Raiman,,96,araimanev@businessweek.com,
Georgine Cantua,,43,gcantuaew@discovery.com,
Mella Have,,30,mhaveex@wikipedia.org,
Meir Kemston,,79,mkemstoney@techcrunch.com,
Claudianus Skule,,100,cskuleez@about.com,
Burnard Hiscoke,,99,bhiscokef0@naver.com,
Aurthur Keymar,,96,akeymarf1@freewebs.com,
Melitta Bariball,,98,mbariballf2@mozilla.org,
Mandy Shark,,33,msharkf3@smh.com.au,
Tucker Janman,,12,tjanmanf4@un.org,
Irene Gaynes,,87,igaynesf5@51.la,
Ludovika Manning,,42,lmanningf6@apple.com,
Torey Giddings,,68,tgiddingsf7@mail.ru,
Perceval Mixter,,25,pmixterf8@aol.com,
Tawsha Itskovitz,,68,titskovitzf9@amazonaws.com,
Melina Axcel,,46,maxcelfa@blogs.com,
Emmerich Gay,,95,egayfb@theguardian.com,
Hodge Purnell,,52,hpurnellfc@tumblr.com,
Aurlie Mulrean,,55,amulreanfd@google.com.br,
Ketti Torrans,,75,ktorransfe@squidoo.com,
Lockwood Sacker,,14,lsackerff@yale.edu,
Niccolo Hachette,,20,nhachettefg@sphinn.com,
Emelda Willavoys,,97,ewillavoysfh@businesswire.com,
Hewett Jancar,,56,hjancarfi@reverbnation.com,
Bernelle Lambertazzi,,84,blambertazzifj@wisc.edu,
Borg Gilluley,,61,bgilluleyfk@webeden.co.uk,
Nonna Donisthorpe,,92,ndonisthorpefl@home.pl,
Gabey Jiras,,85,gjirasfm@sohu.com,
Linzy Ridge,,60,lridgefn@dailymail.co.uk,
Zsazsa Beardon,,50,zbeardonfo@army.mil,
Etan Gussin,,65,egussinfp@msu.edu,
Dru Handrok,,47,dhandrokfq@taobao.com,
Jodi Schettini,,24,jschettinifr@mapquest.com,
Hughie Keal,,19,hkealfs@sciencedaily.com,
Kimmy Sail,,63,ksailft@gmpg.org,
Olga Pautard,,33,opautardfu@pagesperso-orange.fr,
Celene Southon,,22,csouthonfv@miibeian.gov.cn,
Eleonore Wreakes,,57,ewreakesfw@cnn.com,
Helyn O'Connell,,73,hoconnellfx@pagesperso-orange.fr,
Guglielma Dicker,,61,gdickerfy@studiopress.com,
Emylee Organ,,45,eorganfz@ocn.ne.jp,
Annelise Doig,,45,adoigg0@mtv.com,
Romy Kingsford,,100,rkingsfordg1@google.ru,
Haleigh Elstone,,41,helstoneg2@forbes.com,
Kelly Dowman,,37,kdowmang3@hibu.com,
Agnella Townend,,37,atownendg4@mtv.com,
Vinson McGrill,,14,vmcgrillg5@webmd.com,
Faustine Bhar,,96,fbharg6@china.com.cn,
Reinaldo Czajka,,98,rczajkag7@bluehost.com,
Bard Towers,,88,btowersg8@aboutads.info,
Fitz Darwent,,17,fdarwentg9@diigo.com,
Ario Rucklidge,,22,arucklidgega@ustream.tv,
Wilburt Lafrentz,,25,wlafrentzgb@boston.com,
Verney Burgwyn,,24,vburgwyngc@youtube.com,
Shirl Abrahm,,60,sabrahmgd@fotki.com,
Crichton Gumn,,39,cgumnge@yahoo.com,
Grazia Hinchshaw,,44,ghinchshawgf@nytimes.com,
Clarette Hanse,,50,chansegg@engadget.com,
Cornie Courtin,,12,ccourtingh@elpais.com,
Barnabe Neeson,,14,bneesongi@npr.org,
Durward Scoone,,95,dscoonegj@prweb.com,
Lorenzo Etchell,,76,letchellgk@phoca.cz,
Abigael Gettins,,31,agettinsgl@ibm.com,
Osmond Stutter,,14,ostuttergm@cyberchimps.com,
Chadd Goolden,,82,cgooldengn@businessinsider.com,
Ahmed Hurd,,54,ahurdgo@feedburner.com,
Gwendolen Thams,,51,gthamsgp@mayoclinic.com,
Marylee Candish,,83,mcandishgq@berkeley.edu,
Orelee Cotesford,,23,ocotesfordgr@census.gov,
Cirillo Rowesby,,78,crowesbygs@msu.edu,
Queenie Dormon,,53,qdormongt@bluehost.com,
Izak Brannigan,,96,ibrannigangu@bloglovin.com,
Darryl Farnish,,37,dfarnishgv@nydailynews.com,
Lion Castellino,,72,lcastellinogw@discovery.com,
Egan Oughton,,76,eoughtongx@dagondesign.com,
Sidonia Belfitt,,30,sbelfittgy@joomla.org,
Tabbie Hrinchishin,,63,thrinchishingz@list-manage.com,
Roxy Beed,,38,rbeedh0@spotify.com,
Elise Phear,,49,ephearh1@bloglines.com,
Sibilla Abercrombie,,72,sabercrombieh2@google.com.br,
Josie Joliffe,,18,jjoliffeh3@geocities.jp,
Claudetta MacArte,,19,cmacarteh4@ucsd.edu,
Florencia Squirrel,,82,fsquirrelh5@discovery.com,
Bradan Orred,,52,borredh6@ftc.gov,
Gilbert Weich,,70,gweichh7@google.it,
Ritchie Kynder,,45,rkynderh8@ucsd.edu,
Almeria Van de Velde,,100,avanh9@opera.com,
Thom Haresnaip,,18,tharesnaipha@cisco.com,
Genevra Mayberry,,78,gmayberryhb@tripadvisor.com,
Averell Lackeye,,24,alackeyehc@networksolutions.com,
Denys Hannen,,17,dhannenhd@sphinn.com,
Dione Persian,,34,dpersianhe@cornell.edu,
Loren Mantrip,,86,lmantriphf@angelfire.com,
Leonidas Geerits,,82,lgeeritshg@netlog.com,
Anabelle Wallsam,,54,awallsamhh@google.pl,
Gigi Sketchley,,18,gsketchleyhi@skyrock.com,
Harrie Cyples,,79,hcypleshj@unicef.org,
Chrissy Ahrenius,,73,cahreniushk@discuz.net,
Natalee Fumagalli,,17,nfumagallihl@whitehouse.gov,
Devy Gotcher,,45,dgotcherhm@macromedia.com,
Hedi Staines,,63,hstaineshn@dmoz.org,
Selinda Mace,,24,smaceho@addtoany.com,
Cale Drever,,26,cdreverhp@cdc.gov,
Clemmy Cridlan,,23,ccridlanhq@seattletimes.com,
Genna Tuxwell,,54,gtuxwellhr@over-blog.com,
Ferne McGonigle,,100,fmcgoniglehs@constantcontact.com,
Edgard Nisbet,,21,enisbetht@about.com,
Sauncho Rentcome,,17,srentcomehu@clickbank.net,
Xenia Woolmer,,92,xwoolmerhv@wix.com,
Anthiathia Scare,,40,ascarehw@storify.com,
Meggie Peace,,89,mpeacehx@cnet.com,
Gannon Fallows,,46,gfallowshy@tamu.edu,
Karl Gilfether,,55,kgilfetherhz@multiply.com,
Dasha Hedley,,41,dhedleyi0@oracle.com,
Ginger Pervew,,94,gpervewi1@networkadvertising.org,
Stanton Beeby,,35,sbeebyi2@plala.or.jp,
Jedidiah Baudon,,17,jbaudoni3@redcross.org,
Robbie Patesel,,21,rpateseli4@blogger.com,
Dusty MacKellar,,100,dmackellari5@illinois.edu,
Reeta Covendon,,44,rcovendoni6@jimdo.com,
Abdul Dominelli,,83,adominellii7@cyberchimps.com,
Jackelyn Eustanch,,53,jeustanchi8@youku.com,
Anallise Hanhardt,,53,ahanhardti9@examiner.com,
Eldridge Weth,,77,ewethia@columbia.edu,
Rosie Lawlie,,79,rlawlieib@squarespace.com,
Clayton McCarney,,43,cmccarneyic@ucoz.ru,
Clair Degoy,,27,cdegoyid@ca.gov,
Reyna Dimeloe,,98,rdimeloeie@google.es,
Olga Kamenar,,13,okamenarif@apache.org,
Jemimah Hurles,,59,jhurlesig@bigcartel.com,
Ange Woodrooffe,,85,awoodrooffeih@deliciousdays.com,
Jeni Ellwell,,91,jellwellii@trellian.com,
Pandora Good,,33,pgoodij@redcross.org,
Allie Jordison,,66,ajordisonik@live.com,
Helenelizabeth Hurley,,47,hhurleyil@reddit.com,
Gabbie Bellows,,37,gbellowsim@4shared.com,
Dunn Guterson,,90,dgutersonin@alexa.com,
Cyrille Enrdigo,,74,cenrdigoio@phpbb.com,
Anna Kiffe,,58,akiffeip@google.es,
Ephraim Mildmott,,15,emildmottiq@foxnews.com,
Edwina Lias,,56,eliasir@usnews.com,
Cinnamon Hendron,,64,chendronis@shinystat.com,
Ibby Tweedie,,71,itweedieit@bandcamp.com,
Janeva Housbey,,32,jhousbeyiu@gizmodo.com,
Hendrick Lemm,,49,hlemmiv@github.com,
Vonnie Ludron,,85,vludroniw@purevolume.com,
Magnum Pessold,,25,mpessoldix@bbc.co.uk,
Lanni Cawthorn,,82,lcawthorniy@livejournal.com,
Marisa Coggan,,64,mcogganiz@scribd.com,
Marlin Oller,,87,mollerj0@mac.com,
Grayce Harragin,,82,gharraginj1@pen.io,
Caressa Espadas,,53,cespadasj2@yale.edu,
Deny Cooch,,45,dcoochj3@unesco.org,
Mable Ofen,,13,mofenj4@yelp.com,
Arabella Furlonge,,55,afurlongej5@sakura.ne.jp,
Paulita Agnolo,,33,pagnoloj6@google.co.jp,
Ainslee Fahrenbacher,,39,afahrenbacherj7@ow.ly,
Sharia Nuccitelli,,80,snuccitellij8@issuu.com,
Jaimie Sercombe,,57,jsercombej9@apple.com,
Orsa Edgeley,,34,oedgeleyja@wikimedia.org,
Sephira Drayson,,15,sdraysonjb@shinystat.com,
Sid Brewers,,62,sbrewersjc@tinyurl.com,
Janaye Kingwell,,68,jkingwelljd@ft.com,
Oralia Skelly,,58,oskellyje@telegraph.co.uk,
Gifford Renneke,,88,grennekejf@globo.com,
Delbert Layne,,88,dlaynejg@technorati.com,
Christean MacNeilley,,78,cmacneilleyjh@ask.com,
Romain Craft,,15,rcraftji@vinaora.com,
Paolina Logsdail,,56,plogsdailjj@imgur.com,
Gwenneth Ourtic,,93,gourticjk@cornell.edu,
Nadiya Gunderson,,15,ngundersonjl@thetimes.co.uk,
Albie Rowthorne,,69,arowthornejm@ucla.edu,
Jermaine Aiers,,29,jaiersjn@uiuc.edu,
Ludwig Dockreay,,64,ldockreayjo@ox.ac.uk,
Sylas Liggons,,48,sliggonsjp@elegantthemes.com,
Cary Gerred,,74,cgerredjq@lulu.com,
Nicolai Eastup,,17,neastupjr@geocities.jp,
Constanta Arenson,,79,carensonjs@quantcast.com,
Hilliard Eisig,,53,heisigjt@japanpost.jp,
Letitia Innwood,,76,linnwoodju@theguardian.com,
Cyrus Halle,,51,challejv@123-reg.co.uk,
Melisa Paskerful,,96,mpaskerfuljw@yahoo.com,
Dodi Heale,,52,dhealejx@topsy.com,
Gerhardt Rubinchik,,46,grubinchikjy@guardian.co.uk,
Aile Cotterell,,32,acotterelljz@state.tx.us,
Nelle MacNeilly,,48,nmacneillyk0@vimeo.com,
Rowland Malster,,46,rmalsterk1@umich.edu,
Ebenezer Galland,,67,egallandk2@cbc.ca,
Daryl Clyant,,11,dclyantk3@bloglines.com,
Brendan Dolling,,29,bdollingk4@godaddy.com,
Alisha Goodbairn,,77,agoodbairnk5@guardian.co.uk,
Stoddard Humerstone,,65,shumerstonek6@blogs.com,
Pattie Yggo,,65,pyggok7@tmall.com,
Eugine Masterton,,87,emastertonk8@surveymonkey.com,
Zenia Popham,,48,zpophamk9@furl.net,
Shalom Oglesbee,,22,soglesbeeka@privacy.gov.au,
Ogdon Summerscales,,65,osummerscaleskb@naver.com,
Arne Pray,,38,apraykc@narod.ru,
Caprice Yearn,,71,cyearnkd@wordpress.org,
Dolley Rosita,,49,drositake@pbs.org,
Yorker Lennon,,24,ylennonkf@amazon.co.jp,
Beltran Elsop,,33,belsopkg@imgur.com,
Lenore Greggs,,14,lgreggskh@timesonline.co.uk,
Berky Kharchinski,,62,bkharchinskiki@merriam-webster.com,
Lacee Vial,,99,lvialkj@oakley.com,
Freddie Larway,,50,flarwaykk@livejournal.com,
Alvan Bonsall,,64,abonsallkl@wikipedia.org,
Chloette Gemlett,,19,cgemlettkm@nih.gov,
Siward Rimbault,,24,srimbaultkn@cpanel.net,
Kinna Biswell,,86,kbiswellko@howstuffworks.com,
Marigold Fursland,,40,mfurslandkp@pen.io,
Priscilla Treffrey,,98,ptreffreykq@deviantart.com,
Marve Bompass,,77,mbompasskr@cnn.com,
Lawrence Spikins,,25,lspikinsks@aol.com,
Arturo Gomersall,,29,agomersallkt@bigcartel.com,
Tarrance Tate,,35,ttateku@g.co,
Charin Tejero,,84,ctejerokv@foxnews.com,
Cinnamon Waterfield,,49,cwaterfieldkw@delicious.com,
Renard Milner,,28,rmilnerkx@rakuten.co.jp,
Nessy Beentjes,,73,nbeentjesky@amazon.co.jp,
Gina Ghiriardelli,,38,gghiriardellikz@imdb.com,
Noelle Symcoxe,,59,nsymcoxel0@shareasale.com,
Gilberte Marsden,,32,gmarsdenl1@prlog.org,
Godfree Stollberg,,88,gstollbergl2@desdev.cn,
Jarred Cowper,,18,jcowperl3@wikia.com,
Alia Kenna,,24,akennal4@amazonaws.com,
Cynthea Wildor,,39,cwildorl5@bigcartel.com,
Shirleen Rettie,,100,srettiel6@tinyurl.com,
Jeffry Cowdery,,57,jcowderyl7@dailymail.co.uk,
Keene Zorro,,86,kzorrol8@hc360.com,
Baird Arnell,,68,barnelll9@ovh.net,
Agnola Torfin,,55,atorfinla@aol.com,
Vasili Copeman,,25,vcopemanlb@google.co.uk,
Maggi Tidbald,,72,mtidbaldlc@vimeo.com,
Alta Skunes,,35,askunesld@artisteer.com,
Elbertina McLauchlin,,61,emclauchlinle@cyberchimps.com,
Lyndy Binfield,,72,lbinfieldlf@networksolutions.com,
Coop Morefield,,57,cmorefieldlg@opera.com,
Billy Heliar,,99,bheliarlh@woothemes.com,
Brietta Ryland,,11,brylandli@people.com.cn,
Krispin Wethered,,30,kwetheredlj@columbia.edu,
Dorita Megainey,,72,dmegaineylk@vkontakte.ru,
Rochester Harmstone,,92,rharmstonell@networkadvertising.org,
Brandice Dupey,,76,bdupeylm@51.la,
Charlton Kienlein,,16,ckienleinln@ycombinator.com,
Gerrie Eagland,,93,geaglandlo@theatlantic.com,
Raymund Jozsef,,21,rjozseflp@surveymonkey.com,
Stormy Rennocks,,24,srennockslq@gmpg.org,
Cordell Filipputti,,68,cfilipputtilr@yelp.com,
Adelind Izakof,,25,aizakofls@seesaa.net,
Mac De Atta,,98,mdelt@netvibes.com,
Yancy Gecks,,28,ygeckslu@diigo.com,
Ollie Duffield,,56,oduffieldlv@qq.com,
Kellyann Exer,,24,kexerlw@tuttocitta.it,
Tracie Pletts,,39,tplettslx@weibo.com,
Romola Geraldez,,55,rgeraldezly@wordpress.com,
Miran Elce,,58,melcelz@joomla.org,
Lorianne Elstow,,85,lelstowm0@disqus.com,
Skell Gainor,,71,sgainorm1@4shared.com,
Selene Vick,,73,svickm2@google.co.uk,
Domenico Rounce,,54,drouncem3@vistaprint.com,
Ber Dohmer,,68,bdohmerm4@slashdot.org,
Allen Eddis,,92,aeddism5@washington.edu,
Tobie Hefforde,,38,theffordem6@cdbaby.com,
Kenneth Brokenshaw,,100,kbrokenshawm7@shinystat.com,
Adaline Saur,,56,asaurm8@yellowpages.com,
Muire Durham,,46,mdurhamm9@geocities.com,
Caresse Grene,,57,cgrenema@ustream.tv,
Binny Barnwill,,49,bbarnwillmb@answers.com,
Grantham Stanyland,,15,gstanylandmc@blogspot.com,
Deny Pittaway,,35,dpittawaymd@tmall.com,
Bernadene Garrard,,27,bgarrardme@blogtalkradio.com,
Aluino Beaulieu,,41,abeaulieumf@bing.com,
Lemmy Hitzschke,,43,lhitzschkemg@comsenz.com,
Hedy Sallis,,46,hsallismh@un.org,
Jed Haxley,,54,jhaxleymi@umn.edu,
Britt Phillimore,,22,bphillimoremj@dyndns.org,
Olwen Kenafaque,,26,okenafaquemk@youku.com,
Odella Cargen,,47,ocargenml@mashable.com,
Billy Chaikovski,,57,bchaikovskimm@twitpic.com,
Mitzi Winman,,25,mwinmanmn@opera.com,
Wynn Sheran,,96,wsheranmo@blogspot.com,
Trixy Lewnden,,95,tlewndenmp@sitemeter.com,
Anne-marie Ert,,69,aertmq@irs.gov,
Dario Goghin,,82,dgoghinmr@craigslist.org,
Monique Mc Corley,,98,mmcms@amazon.com,
L;urette Rosbotham,,94,lrosbothammt@studiopress.com,
Hedy Gaskins,,36,hgaskinsmu@smugmug.com,
Bobbye Cudworth,,92,bcudworthmv@about.me,
Illa Scoone,,24,iscoonemw@disqus.com,
Michail Jepp,,31,mjeppmx@nih.gov,
Gracia McKerlie,,48,gmckerliemy@godaddy.com,
Louie Haslin,,19,lhaslinmz@hatena.ne.jp,
Susan Nafzger,,95,snafzgern0@state.tx.us,
Lusa Lartice,,58,llarticen1@baidu.com,
Allister Hammerberger,,92,ahammerbergern2@europa.eu,
Evie Mollnar,,47,emollnarn3@irs.gov,
Beilul Coil,,14,bcoiln4@admin.ch,
Curcio Heddy,,100,cheddyn5@elpais.com,
Lothario MacGibbon,,66,lmacgibbonn6@moonfruit.com,
Eugenie Gregon,,31,egregonn7@amazon.com,
Leeann Rivenzon,,62,lrivenzonn8@chronoengine.com,
Edwin Peggs,,40,epeggsn9@tamu.edu,
Jeanie Babb,,46,jbabbna@sphinn.com,
Sholom Halstead,,64,shalsteadnb@tiny.cc,
Odessa Tournie,,45,otournienc@amazon.co.uk,
Colleen Connue,,14,cconnuend@furl.net,
Francisca Leathes,,93,fleathesne@mlb.com,
Emlen Coatts,,37,ecoattsnf@sfgate.com,
Masha Chavez,,31,mchavezng@blogger.com,
Lorne Midford,,59,lmidfordnh@unesco.org,
Corry Momford,,77,cmomfordni@stanford.edu,
Maryanne Scading,,98,mscadingnj@merriam-webster.com,
Bernadette Kubasek,,14,bkubaseknk@free.fr,
Lucia Linnemann,,21,llinnemannnl@wufoo.com,
Rebekah Tailby,,54,rtailbynm@reference.com,
Eduino Fogt,,22,efogtnn@blog.com,
Miranda Cutler,,50,mcutlerno@artisteer.com,
Dunn McPartling,,78,dmcpartlingnp@statcounter.com,
Pooh Gotling,,96,pgotlingnq@dailymotion.com,
Percival Le Estut,,38,plenr@oracle.com,
Buckie Okenfold,,32,bokenfoldns@skyrock.com,
Trueman Perrington,,19,tperringtonnt@elegantthemes.com,
Silvester Sutor,,48,ssutornu@usda.gov,
Blinny Whitfield,,30,bwhitfieldnv@51.la,
Patin Scobbie,,32,pscobbienw@cnet.com,
Irwinn Romney,,63,iromneynx@ehow.com,
Georgiana Burborough,,67,gburboroughny@vkontakte.ru,
Nixie Noddings,,65,nnoddingsnz@patch.com,
Easter Greensall,,30,egreensallo0@biblegateway.com,
Georgia Vercruysse,,67,gvercruysseo1@epa.gov,
Lelia Hydes,,88,lhydeso2@xing.com,
Nike Treacy,,83,ntreacyo3@java.com,
D'arcy Northam,,37,dnorthamo4@chicagotribune.com,
Alia Davidsen,,54,adavidseno5@jigsy.com,
Helaine Sanzio,,33,hsanzioo6@gmpg.org,
Margareta Tommis,,56,mtommiso7@dagondesign.com,
Hamil McKelloch,,70,hmckellocho8@dedecms.com,
Templeton Thebeaud,,34,tthebeaudo9@smh.com.au,
Dora Jaggers,,73,djaggersoa@hostgator.com,
Antoine Mallan,,65,amallanob@japanpost.jp,
Arlyn Seawright,,34,aseawrightoc@answers.com,
Gene Rae,,98,graeod@pinterest.com,
Brod Rohan,,25,brohanoe@unc.edu,
Fernande Lowseley,,52,flowseleyof@tripod.com,
Filippo Crow,,60,fcrowog@purevolume.com,
Wheeler Bernocchi,,23,wbernocchioh@1und1.de,
Danny Furzey,,87,dfurzeyoi@businesswire.com,
Paulo McAughtry,,25,pmcaughtryoj@naver.com,
Stormy Rowesby,,27,srowesbyok@xing.com,
Marrilee Calliss,,81,mcallissol@godaddy.com,
Zackariah Flaverty,,54,zflavertyom@netvibes.com,
Orsola Trimming,,73,otrimmingon@wp.com,
La verne Purves,,69,lverneoo@ovh.net,
Ringo Cosgreave,,99,rcosgreaveop@ihg.com,
Vern Kirrage,,28,vkirrageoq@ibm.com,
Cobb Westwick,,77,cwestwickor@reverbnation.com,
Joe Joney,,33,jjoneyos@vinaora.com,
Emma Burchatt,,23,eburchattot@netlog.com,
Edvard Allitt,,16,eallittou@yandex.ru,
Gael Kingsley,,50,gkingsleyov@multiply.com,
Huey Beardshall,,21,hbeardshallow@psu.edu,
Sibley Sly,,17,sslyox@fastcompany.com,
Bordy Simanenko,,60,bsimanenkooy@ning.com,
Hestia Tubbles,,56,htubblesoz@wufoo.com,
Pamelina Wankel,,63,pwankelp0@google.com.au,
Jedidiah Glasper,,13,jglasperp1@hhs.gov,
Isa Beldam,,11,ibeldamp2@skyrock.com,
Darleen Wartonby,,46,dwartonbyp3@cloudflare.com,
Guthry Botwood,,97,gbotwoodp4@histats.com,
Lucian Avann,,81,lavannp5@mozilla.com,
Berny Scholey,,24,bscholeyp6@slate.com,
Rhona Pressland,,31,rpresslandp7@businessinsider.com,
Beaufort Fields,,62,bfieldsp8@google.com.hk,
Sara-ann Wallhead,,62,swallheadp9@domainmarket.com,
Aloysia Dulson,,56,adulsonpa@cam.ac.uk,
Davide Halworth,,21,dhalworthpb@usnews.com,
Frieda O'Hogertie,,88,fohogertiepc@vkontakte.ru,
Mable Britt,,14,mbrittpd@cyberchimps.com,
Cale Duffer,,42,cdufferpe@clickbank.net,
Lefty Kupis,,25,lkupispf@bizjournals.com,
Myranda Guerrero,,79,mguerreropg@amazon.com,
Loren Paylor,,14,lpaylorph@wiley.com,
Cass Leades,,77,cleadespi@live.com,
Gavra Yoell,,12,gyoellpj@mac.com,
Shurlock Poynzer,,88,spoynzerpk@dropbox.com,
Papageno Fairleigh,,52,pfairleighpl@psu.edu,
Bruce Ralston,,58,bralstonpm@accuweather.com,
Cornelius Babbidge,,81,cbabbidgepn@businesswire.com,
Seth Milleton,,81,smilletonpo@sun.com,
Elias Pain,,100,epainpp@mysql.com,
Nert Phizakarley,,29,nphizakarleypq@livejournal.com,
Faustina Donnel,,38,fdonnelpr@prlog.org,
Gusella Granville,,43,ggranvilleps@hc360.com,
Manolo Townsend,,79,mtownsendpt@mashable.com,
Llywellyn Perrington,,59,lperringtonpu@discovery.com,
Arnoldo Goldie,,59,agoldiepv@amazon.co.jp,
Minne Cumbes,,64,mcumbespw@stanford.edu,
Bernette Fillis,,13,bfillispx@wp.com,
Gretel Burroughes,,90,gburroughespy@wikipedia.org,
Darell Cuttings,,74,dcuttingspz@huffingtonpost.com,
Osbourne Overland,,77,ooverlandq0@yale.edu,
Bengt Baythrop,,16,bbaythropq1@plala.or.jp,
Christan Lamswood,,63,clamswoodq2@hud.gov,
Brigham Boobier,,78,bboobierq3@prnewswire.com,
Hakim Sparshatt,,23,hsparshattq4@oakley.com,
Karim Patnelli,,56,kpatnelliq5@slideshare.net,
Berta Arrighini,,99,barrighiniq6@cpanel.net,
Florence Genese,,83,fgeneseq7@acquirethisname.com,
Deina Bovis,,29,dbovisq8@census.gov,
Dorri Garken,,27,dgarkenq9@cdc.gov,
Orland Atrill,,62,oatrillqa@usatoday.com,
Gale McOwen,,38,gmcowenqb@wsj.com,
Kassey Hayhow,,82,khayhowqc@goodreads.com,
Nesta Karpol,,49,nkarpolqd@dmoz.org,
Hayyim Clampe,,39,hclampeqe@nydailynews.com,
Judie Faulconer,,86,jfaulconerqf@utexas.edu,
Christie Pikhno,,76,cpikhnoqg@pen.io,
Fonzie Provis,,58,fprovisqh@homestead.com,
Luis Stilwell,,53,lstilwellqi@squarespace.com,
Zitella Sneddon,,100,zsneddonqj@ed.gov,
Kathlin Bromfield,,31,kbromfieldqk@linkedin.com,
Janine Robelet,,29,jrobeletql@economist.com,
Jules Brockherst,,34,jbrockherstqm@liveinternet.ru,
Lalo Pitchford,,100,lpitchfordqn@fema.gov,
Catrina Proppers,,79,cproppersqo@google.it,
Scott Bottleson,,36,sbottlesonqp@chron.com,
Bernadene Esilmon,,86,besilmonqq@ycombinator.com,
Maxie Goude,,51,mgoudeqr@ox.ac.uk,
Tobie Yarwood,,52,tyarwoodqs@answers.com,
Blinnie Frays,,56,bfraysqt@uol.com.br,
Amalee Dameisele,,82,adameiselequ@addthis.com,
Venus Schiementz,,51,vschiementzqv@statcounter.com,
Tomas Buxam,,45,tbuxamqw@forbes.com,
Gabbie McCombe,,80,gmccombeqx@reference.com,
Jephthah Blackborough,,87,jblackboroughqy@soundcloud.com,
Harri Eaklee,,59,heakleeqz@github.com,
Hammad Salzburger,,14,hsalzburgerr0@squidoo.com,
Sophronia Clewlow,,11,sclewlowr1@ebay.co.uk,
Peggie Grogan,,79,pgroganr2@nytimes.com,
Anna-maria Warder,,94,awarderr3@accuweather.com,
Camellia Rewcassell,,50,crewcassellr4@mapy.cz,
Briney Whitford,,27,bwhitfordr5@hc360.com,
Sashenka Rosenhaupt,,40,srosenhauptr6@bigcartel.com,
Nolie Heis,,23,nheisr7@yale.edu,
Cayla Baldung,,64,cbaldungr8@skyrock.com,
Rosana Nattrass,,86,rnattrassr9@so-net.ne.jp,
Cristen Rigler,,35,criglerra@flavors.me,
Ediva Bonwick,,44,ebonwickrb@timesonline.co.uk,
Berkeley Bradford,,13,bbradfordrc@fotki.com,
Torey Blampy,,41,tblampyrd@chron.com,
Clay Garmston,,38,cgarmstonre@yahoo.com,
Josee Stebbings,,99,jstebbingsrf@xrea.com,
Renault Beckson,,48,rbecksonrg@webnode.com,
Ronnie Anster,,36,ransterrh@sogou.com,
Ricki Conaghy,,70,rconaghyri@about.com,
Caria Lozano,,37,clozanorj@pcworld.com,
Victoria Stockings,,98,vstockingsrk@over-blog.com,
Ossie Docker,,30,odockerrl@rediff.com,
Vanni Brixham,,69,vbrixhamrm@biblegateway.com,
Odie Devorill,,95,odevorillrn@yahoo.co.jp,
Llywellyn De Luna,,67,ldero@tuttocitta.it,
Loralee Landeaux,,75,llandeauxrp@ning.com,
Pattin Wharton,,40,pwhartonrq@behance.net,
Stanwood Beckles,,19,sbecklesrr@delicious.com,
